mesh_size,frequency_Hz
0.5,101.323045239991
0.1,98.7641269809329
0.05,98.603785634218
0.025,97.636888310091
0.022,97.5302864751247
0.02,97.5306306782036
0.015,97.5225878409023
0.0125,97.4836535645941
0.00625,97.4384038494437
0.003125,97.4281210830781
